,filename
0,sub_43_vid_4.csv
1,sub_43_vid_16.csv
2,sub_43_vid_21.csv
3,sub_43_vid_22.csv
4,sub_30_vid_4.csv
5,sub_30_vid_16.csv
6,sub_30_vid_21.csv
7,sub_30_vid_22.csv
8,sub_8_vid_4.csv
9,sub_8_vid_16.csv
10,sub_8_vid_21.csv
11,sub_8_vid_22.csv
12,sub_36_vid_4.csv
13,sub_36_vid_16.csv
14,sub_36_vid_21.csv
15,sub_36_vid_22.csv
16,sub_19_vid_4.csv
17,sub_19_vid_16.csv
18,sub_19_vid_21.csv
19,sub_19_vid_22.csv
20,sub_18_vid_4.csv
21,sub_18_vid_16.csv
22,sub_18_vid_21.csv
23,sub_18_vid_22.csv
24,sub_13_vid_4.csv
25,sub_13_vid_16.csv
26,sub_13_vid_21.csv
27,sub_13_vid_22.csv
28,sub_41_vid_4.csv
29,sub_41_vid_16.csv
30,sub_41_vid_21.csv
31,sub_41_vid_22.csv
32,sub_33_vid_4.csv
33,sub_33_vid_16.csv
34,sub_33_vid_21.csv
35,sub_33_vid_22.csv
36,sub_43_vid_4.csv
37,sub_43_vid_16.csv
38,sub_43_vid_21.csv
39,sub_43_vid_22.csv
40,sub_22_vid_4.csv
41,sub_22_vid_16.csv
42,sub_22_vid_21.csv
43,sub_22_vid_22.csv
44,sub_30_vid_4.csv
45,sub_30_vid_16.csv
46,sub_30_vid_21.csv
47,sub_30_vid_22.csv
48,sub_14_vid_4.csv
49,sub_14_vid_16.csv
50,sub_14_vid_21.csv
51,sub_14_vid_22.csv
52,sub_17_vid_4.csv
53,sub_17_vid_16.csv
54,sub_17_vid_21.csv
55,sub_17_vid_22.csv
56,sub_35_vid_4.csv
57,sub_35_vid_16.csv
58,sub_35_vid_21.csv
59,sub_35_vid_22.csv
60,sub_35_vid_4.csv
61,sub_35_vid_16.csv
62,sub_35_vid_21.csv
63,sub_35_vid_22.csv
64,sub_36_vid_4.csv
65,sub_36_vid_16.csv
66,sub_36_vid_21.csv
67,sub_36_vid_22.csv
68,sub_22_vid_4.csv
69,sub_22_vid_16.csv
70,sub_22_vid_21.csv
71,sub_22_vid_22.csv
72,sub_30_vid_4.csv
73,sub_30_vid_16.csv
74,sub_30_vid_21.csv
75,sub_30_vid_22.csv
76,sub_43_vid_4.csv
77,sub_43_vid_16.csv
78,sub_43_vid_21.csv
79,sub_43_vid_22.csv
80,sub_35_vid_4.csv
81,sub_35_vid_16.csv
82,sub_35_vid_21.csv
83,sub_35_vid_22.csv
84,sub_35_vid_4.csv
85,sub_35_vid_16.csv
86,sub_35_vid_21.csv
87,sub_35_vid_22.csv
88,sub_13_vid_4.csv
89,sub_13_vid_16.csv
90,sub_13_vid_21.csv
91,sub_13_vid_22.csv
92,sub_30_vid_4.csv
93,sub_30_vid_16.csv
94,sub_30_vid_21.csv
95,sub_30_vid_22.csv
96,sub_22_vid_4.csv
97,sub_22_vid_16.csv
98,sub_22_vid_21.csv
99,sub_22_vid_22.csv
100,sub_43_vid_4.csv
101,sub_43_vid_16.csv
102,sub_43_vid_21.csv
103,sub_43_vid_22.csv
104,sub_30_vid_4.csv
105,sub_30_vid_16.csv
106,sub_30_vid_21.csv
107,sub_30_vid_22.csv
108,sub_33_vid_4.csv
109,sub_33_vid_16.csv
110,sub_33_vid_21.csv
111,sub_33_vid_22.csv
112,sub_4_vid_4.csv
113,sub_4_vid_16.csv
114,sub_4_vid_21.csv
115,sub_4_vid_22.csv
116,sub_33_vid_4.csv
117,sub_33_vid_16.csv
118,sub_33_vid_21.csv
119,sub_33_vid_22.csv
120,sub_13_vid_4.csv
121,sub_13_vid_16.csv
122,sub_13_vid_21.csv
123,sub_13_vid_22.csv
124,sub_35_vid_4.csv
125,sub_35_vid_16.csv
126,sub_35_vid_21.csv
127,sub_35_vid_22.csv
128,sub_18_vid_4.csv
129,sub_18_vid_16.csv
130,sub_18_vid_21.csv
131,sub_18_vid_22.csv
132,sub_13_vid_4.csv
133,sub_13_vid_16.csv
134,sub_13_vid_21.csv
135,sub_13_vid_22.csv
136,sub_36_vid_4.csv
137,sub_36_vid_16.csv
138,sub_36_vid_21.csv
139,sub_36_vid_22.csv
140,sub_8_vid_4.csv
141,sub_8_vid_16.csv
142,sub_8_vid_21.csv
143,sub_8_vid_22.csv
144,sub_11_vid_4.csv
145,sub_11_vid_16.csv
146,sub_11_vid_21.csv
147,sub_11_vid_22.csv
148,sub_18_vid_4.csv
149,sub_18_vid_16.csv
150,sub_18_vid_21.csv
151,sub_18_vid_22.csv
152,sub_19_vid_4.csv
153,sub_19_vid_16.csv
154,sub_19_vid_21.csv
155,sub_19_vid_22.csv
156,sub_14_vid_4.csv
157,sub_14_vid_16.csv
158,sub_14_vid_21.csv
159,sub_14_vid_22.csv
160,sub_4_vid_4.csv
161,sub_4_vid_16.csv
162,sub_4_vid_21.csv
163,sub_4_vid_22.csv
164,sub_41_vid_4.csv
165,sub_41_vid_16.csv
166,sub_41_vid_21.csv
167,sub_41_vid_22.csv
168,sub_41_vid_4.csv
169,sub_41_vid_16.csv
170,sub_41_vid_21.csv
171,sub_41_vid_22.csv
172,sub_14_vid_4.csv
173,sub_14_vid_16.csv
174,sub_14_vid_21.csv
175,sub_14_vid_22.csv
176,sub_32_vid_4.csv
177,sub_32_vid_16.csv
178,sub_32_vid_21.csv
179,sub_32_vid_22.csv
180,sub_34_vid_4.csv
181,sub_34_vid_16.csv
182,sub_34_vid_21.csv
183,sub_34_vid_22.csv
184,sub_43_vid_4.csv
185,sub_43_vid_16.csv
186,sub_43_vid_21.csv
187,sub_43_vid_22.csv
188,sub_11_vid_4.csv
189,sub_11_vid_16.csv
190,sub_11_vid_21.csv
191,sub_11_vid_22.csv
192,sub_26_vid_4.csv
193,sub_26_vid_16.csv
194,sub_26_vid_21.csv
195,sub_26_vid_22.csv
196,sub_19_vid_4.csv
197,sub_19_vid_16.csv
198,sub_19_vid_21.csv
199,sub_19_vid_22.csv
200,sub_32_vid_4.csv
201,sub_32_vid_16.csv
202,sub_32_vid_21.csv
203,sub_32_vid_22.csv
204,sub_14_vid_4.csv
205,sub_14_vid_16.csv
206,sub_14_vid_21.csv
207,sub_14_vid_22.csv
208,sub_41_vid_4.csv
209,sub_41_vid_16.csv
210,sub_41_vid_21.csv
211,sub_41_vid_22.csv
212,sub_17_vid_4.csv
213,sub_17_vid_16.csv
214,sub_17_vid_21.csv
215,sub_17_vid_22.csv
216,sub_32_vid_4.csv
217,sub_32_vid_16.csv
218,sub_32_vid_21.csv
219,sub_32_vid_22.csv
220,sub_19_vid_4.csv
221,sub_19_vid_16.csv
222,sub_19_vid_21.csv
223,sub_19_vid_22.csv
224,sub_34_vid_4.csv
225,sub_34_vid_16.csv
226,sub_34_vid_21.csv
227,sub_34_vid_22.csv
228,sub_11_vid_4.csv
229,sub_11_vid_16.csv
230,sub_11_vid_21.csv
231,sub_11_vid_22.csv
232,sub_26_vid_4.csv
233,sub_26_vid_16.csv
234,sub_26_vid_21.csv
235,sub_26_vid_22.csv
236,sub_32_vid_4.csv
237,sub_32_vid_16.csv
238,sub_32_vid_21.csv
239,sub_32_vid_22.csv
240,sub_17_vid_4.csv
241,sub_17_vid_16.csv
242,sub_17_vid_21.csv
243,sub_17_vid_22.csv
244,sub_8_vid_4.csv
245,sub_8_vid_16.csv
246,sub_8_vid_21.csv
247,sub_8_vid_22.csv
248,sub_4_vid_4.csv
249,sub_4_vid_16.csv
250,sub_4_vid_21.csv
251,sub_4_vid_22.csv
252,sub_19_vid_4.csv
253,sub_19_vid_16.csv
254,sub_19_vid_21.csv
255,sub_19_vid_22.csv
256,sub_11_vid_4.csv
257,sub_11_vid_16.csv
258,sub_11_vid_21.csv
259,sub_11_vid_22.csv
260,sub_26_vid_4.csv
261,sub_26_vid_16.csv
262,sub_26_vid_21.csv
263,sub_26_vid_22.csv
264,sub_26_vid_4.csv
265,sub_26_vid_16.csv
266,sub_26_vid_21.csv
267,sub_26_vid_22.csv
268,sub_34_vid_4.csv
269,sub_34_vid_16.csv
270,sub_34_vid_21.csv
271,sub_34_vid_22.csv
272,sub_4_vid_4.csv
273,sub_4_vid_16.csv
274,sub_4_vid_21.csv
275,sub_4_vid_22.csv
276,sub_32_vid_4.csv
277,sub_32_vid_16.csv
278,sub_32_vid_21.csv
279,sub_32_vid_22.csv
280,sub_41_vid_4.csv
281,sub_41_vid_16.csv
282,sub_41_vid_21.csv
283,sub_41_vid_22.csv
284,sub_4_vid_4.csv
285,sub_4_vid_16.csv
286,sub_4_vid_21.csv
287,sub_4_vid_22.csv
288,sub_14_vid_4.csv
289,sub_14_vid_16.csv
290,sub_14_vid_21.csv
291,sub_14_vid_22.csv
292,sub_13_vid_4.csv
293,sub_13_vid_16.csv
294,sub_13_vid_21.csv
295,sub_13_vid_22.csv
296,sub_26_vid_4.csv
297,sub_26_vid_16.csv
298,sub_26_vid_21.csv
299,sub_26_vid_22.csv
300,sub_11_vid_4.csv
301,sub_11_vid_16.csv
302,sub_11_vid_21.csv
303,sub_11_vid_22.csv
304,sub_26_vid_4.csv
305,sub_26_vid_16.csv
306,sub_26_vid_21.csv
307,sub_26_vid_22.csv
308,sub_11_vid_4.csv
309,sub_11_vid_16.csv
310,sub_11_vid_21.csv
311,sub_11_vid_22.csv
312,sub_43_vid_4.csv
313,sub_43_vid_16.csv
314,sub_43_vid_21.csv
315,sub_43_vid_22.csv
316,sub_34_vid_4.csv
317,sub_34_vid_16.csv
318,sub_34_vid_21.csv
319,sub_34_vid_22.csv
320,sub_41_vid_4.csv
321,sub_41_vid_16.csv
322,sub_41_vid_21.csv
323,sub_41_vid_22.csv
324,sub_4_vid_4.csv
325,sub_4_vid_16.csv
326,sub_4_vid_21.csv
327,sub_4_vid_22.csv
328,sub_14_vid_4.csv
329,sub_14_vid_16.csv
330,sub_14_vid_21.csv
331,sub_14_vid_22.csv
332,sub_34_vid_4.csv
333,sub_34_vid_16.csv
334,sub_34_vid_21.csv
335,sub_34_vid_22.csv
336,sub_18_vid_4.csv
337,sub_18_vid_16.csv
338,sub_18_vid_21.csv
339,sub_18_vid_22.csv
340,sub_34_vid_4.csv
341,sub_34_vid_16.csv
342,sub_34_vid_21.csv
343,sub_34_vid_22.csv
344,sub_34_vid_4.csv
345,sub_34_vid_16.csv
346,sub_34_vid_21.csv
347,sub_34_vid_22.csv
348,sub_32_vid_4.csv
349,sub_32_vid_16.csv
350,sub_32_vid_21.csv
351,sub_32_vid_22.csv
352,sub_17_vid_4.csv
353,sub_17_vid_16.csv
354,sub_17_vid_21.csv
355,sub_17_vid_22.csv
356,sub_19_vid_4.csv
357,sub_19_vid_16.csv
358,sub_19_vid_21.csv
359,sub_19_vid_22.csv
360,sub_19_vid_4.csv
361,sub_19_vid_16.csv
362,sub_19_vid_21.csv
363,sub_19_vid_22.csv
364,sub_17_vid_4.csv
365,sub_17_vid_16.csv
366,sub_17_vid_21.csv
367,sub_17_vid_22.csv
368,sub_8_vid_4.csv
369,sub_8_vid_16.csv
370,sub_8_vid_21.csv
371,sub_8_vid_22.csv
372,sub_17_vid_4.csv
373,sub_17_vid_16.csv
374,sub_17_vid_21.csv
375,sub_17_vid_22.csv
376,sub_32_vid_4.csv
377,sub_32_vid_16.csv
378,sub_32_vid_21.csv
379,sub_32_vid_22.csv
380,sub_13_vid_4.csv
381,sub_13_vid_16.csv
382,sub_13_vid_21.csv
383,sub_13_vid_22.csv
384,sub_14_vid_4.csv
385,sub_14_vid_16.csv
386,sub_14_vid_21.csv
387,sub_14_vid_22.csv
388,sub_4_vid_4.csv
389,sub_4_vid_16.csv
390,sub_4_vid_21.csv
391,sub_4_vid_22.csv
392,sub_41_vid_4.csv
393,sub_41_vid_16.csv
394,sub_41_vid_21.csv
395,sub_41_vid_22.csv
396,sub_32_vid_4.csv
397,sub_32_vid_16.csv
398,sub_32_vid_21.csv
399,sub_32_vid_22.csv
400,sub_17_vid_4.csv
401,sub_17_vid_16.csv
402,sub_17_vid_21.csv
403,sub_17_vid_22.csv
404,sub_34_vid_4.csv
405,sub_34_vid_16.csv
406,sub_34_vid_21.csv
407,sub_34_vid_22.csv
408,sub_11_vid_4.csv
409,sub_11_vid_16.csv
410,sub_11_vid_21.csv
411,sub_11_vid_22.csv
412,sub_26_vid_4.csv
413,sub_26_vid_16.csv
414,sub_26_vid_21.csv
415,sub_26_vid_22.csv
416,sub_26_vid_4.csv
417,sub_26_vid_16.csv
418,sub_26_vid_21.csv
419,sub_26_vid_22.csv
420,sub_43_vid_4.csv
421,sub_43_vid_16.csv
422,sub_43_vid_21.csv
423,sub_43_vid_22.csv
424,sub_33_vid_4.csv
425,sub_33_vid_16.csv
426,sub_33_vid_21.csv
427,sub_33_vid_22.csv
428,sub_36_vid_4.csv
429,sub_36_vid_16.csv
430,sub_36_vid_21.csv
431,sub_36_vid_22.csv
432,sub_8_vid_4.csv
433,sub_8_vid_16.csv
434,sub_8_vid_21.csv
435,sub_8_vid_22.csv
436,sub_41_vid_4.csv
437,sub_41_vid_16.csv
438,sub_41_vid_21.csv
439,sub_41_vid_22.csv
440,sub_13_vid_4.csv
441,sub_13_vid_16.csv
442,sub_13_vid_21.csv
443,sub_13_vid_22.csv
444,sub_18_vid_4.csv
445,sub_18_vid_16.csv
446,sub_18_vid_21.csv
447,sub_18_vid_22.csv
448,sub_8_vid_4.csv
449,sub_8_vid_16.csv
450,sub_8_vid_21.csv
451,sub_8_vid_22.csv
452,sub_36_vid_4.csv
453,sub_36_vid_16.csv
454,sub_36_vid_21.csv
455,sub_36_vid_22.csv
456,sub_19_vid_4.csv
457,sub_19_vid_16.csv
458,sub_19_vid_21.csv
459,sub_19_vid_22.csv
460,sub_22_vid_4.csv
461,sub_22_vid_16.csv
462,sub_22_vid_21.csv
463,sub_22_vid_22.csv
464,sub_36_vid_4.csv
465,sub_36_vid_16.csv
466,sub_36_vid_21.csv
467,sub_36_vid_22.csv
468,sub_35_vid_4.csv
469,sub_35_vid_16.csv
470,sub_35_vid_21.csv
471,sub_35_vid_22.csv
472,sub_35_vid_4.csv
473,sub_35_vid_16.csv
474,sub_35_vid_21.csv
475,sub_35_vid_22.csv
476,sub_17_vid_4.csv
477,sub_17_vid_16.csv
478,sub_17_vid_21.csv
479,sub_17_vid_22.csv
480,sub_14_vid_4.csv
481,sub_14_vid_16.csv
482,sub_14_vid_21.csv
483,sub_14_vid_22.csv
484,sub_36_vid_4.csv
485,sub_36_vid_16.csv
486,sub_36_vid_21.csv
487,sub_36_vid_22.csv
488,sub_8_vid_4.csv
489,sub_8_vid_16.csv
490,sub_8_vid_21.csv
491,sub_8_vid_22.csv
492,sub_30_vid_4.csv
493,sub_30_vid_16.csv
494,sub_30_vid_21.csv
495,sub_30_vid_22.csv
496,sub_22_vid_4.csv
497,sub_22_vid_16.csv
498,sub_22_vid_21.csv
499,sub_22_vid_22.csv
500,sub_22_vid_4.csv
501,sub_22_vid_16.csv
502,sub_22_vid_21.csv
503,sub_22_vid_22.csv
504,sub_30_vid_4.csv
505,sub_30_vid_16.csv
506,sub_30_vid_21.csv
507,sub_30_vid_22.csv
508,sub_18_vid_4.csv
509,sub_18_vid_16.csv
510,sub_18_vid_21.csv
511,sub_18_vid_22.csv
512,sub_35_vid_4.csv
513,sub_35_vid_16.csv
514,sub_35_vid_21.csv
515,sub_35_vid_22.csv
516,sub_33_vid_4.csv
517,sub_33_vid_16.csv
518,sub_33_vid_21.csv
519,sub_33_vid_22.csv
520,sub_22_vid_4.csv
521,sub_22_vid_16.csv
522,sub_22_vid_21.csv
523,sub_22_vid_22.csv
524,sub_22_vid_4.csv
525,sub_22_vid_16.csv
526,sub_22_vid_21.csv
527,sub_22_vid_22.csv
528,sub_33_vid_4.csv
529,sub_33_vid_16.csv
530,sub_33_vid_21.csv
531,sub_33_vid_22.csv
532,sub_11_vid_4.csv
533,sub_11_vid_16.csv
534,sub_11_vid_21.csv
535,sub_11_vid_22.csv
536,sub_36_vid_4.csv
537,sub_36_vid_16.csv
538,sub_36_vid_21.csv
539,sub_36_vid_22.csv
540,sub_8_vid_4.csv
541,sub_8_vid_16.csv
542,sub_8_vid_21.csv
543,sub_8_vid_22.csv
544,sub_18_vid_4.csv
545,sub_18_vid_16.csv
546,sub_18_vid_21.csv
547,sub_18_vid_22.csv
548,sub_13_vid_4.csv
549,sub_13_vid_16.csv
550,sub_13_vid_21.csv
551,sub_13_vid_22.csv
552,sub_18_vid_4.csv
553,sub_18_vid_16.csv
554,sub_18_vid_21.csv
555,sub_18_vid_22.csv
556,sub_33_vid_4.csv
557,sub_33_vid_16.csv
558,sub_33_vid_21.csv
559,sub_33_vid_22.csv
560,sub_4_vid_4.csv
561,sub_4_vid_16.csv
562,sub_4_vid_21.csv
563,sub_4_vid_22.csv
564,sub_30_vid_4.csv
565,sub_30_vid_16.csv
566,sub_30_vid_21.csv
567,sub_30_vid_22.csv
568,sub_33_vid_4.csv
569,sub_33_vid_16.csv
570,sub_33_vid_21.csv
571,sub_33_vid_22.csv
572,sub_43_vid_4.csv
573,sub_43_vid_16.csv
574,sub_43_vid_21.csv
575,sub_43_vid_22.csv
